[
  {
    "FileName": "OpenTelemetry.Extensions.Propagators",
    "FileVersion": "1.7.0.1106"
  },
  {
    "FileName": "OpenTelemetry.Exporter.OpenTelemetryProtocol",
    "FileVersion": "1.7.0.1106"
  },
  {
    "FileName": "OpenTelemetry.Instrumentation.AspNetCore",
    "FileVersion": "1.7.1.1173"
  },
  {
    "FileName": "OpenTelemetry.ResourceDetectors.ProcessRuntime",
    "FileVersion": "0.1.0.2"
  },
  {
    "FileName": "OpenTelemetry.Instrumentation.GrpcNetClient",
    "FileVersion": "1.7.0.1173"
  },
  {
    "FileName": "OpenTelemetry.Instrumentation.Process",
    "FileVersion": "0.5.0.4"
  },
  {
    "FileName": "OpenTelemetry.Instrumentation.SqlClient",
    "FileVersion": "1.7.0.1173"
  },
  {
    "FileName": "OpenTelemetry.ResourceDetectors.Host",
    "FileVersion": "0.1.0.2"
  },
  {
    "FileName": "OpenTelemetry.Exporter.Zipkin",
    "FileVersion": "1.7.0.1106"
  },
  {
    "FileName": "OpenTelemetry.Instrumentation.EntityFrameworkCore",
    "FileVersion": "1.0.0.10"
  },
  {
    "FileName": "OpenTelemetry.Instrumentation.Runtime",
    "FileVersion": "1.7.0.0"
  },
  {
    "FileName": "OpenTelemetry.Instrumentation.StackExchangeRedis",
    "FileVersion": "1.0.0.13"
  },
  {
    "FileName": "OpenTelemetry.ResourceDetectors.Process",
    "FileVersion": "0.1.0.2"
  },
  {
    "FileName": "OpenTelemetry.Instrumentation.Wcf",
    "FileVersion": "1.0.0.15"
  },
  {
    "FileName": "OpenTelemetry.Exporter.Prometheus.HttpListener",
    "FileVersion": "1.7.0.1095"
  },
  {
    "FileName": "OpenTelemetry.Exporter.Console",
    "FileVersion": "1.7.0.1106"
  },
  {
    "FileName": "OpenTelemetry.Instrumentation.Http",
    "FileVersion": "1.7.1.1173"
  },
  {
    "FileName": "OpenTelemetry.ResourceDetectors.Container",
    "FileVersion": "1.0.0.6"
  },
  {
    "FileName": "OpenTelemetry.ResourceDetectors.Azure",
    "FileVersion": "1.0.0.5"
  },
  {
    "FileName": "OpenTelemetry.Instrumentation.Quartz",
    "FileVersion": "1.0.0.1"
  },
  {
    "FileName": "OpenTelemetry.Shims.OpenTracing",
    "FileVersion": "1.7.0.1106"
  }
]